participant,set,activity,x,y,timestamp
P18,C,DEBUG,940,532,0
P18,C,DEBUG,916,526,38
P18,C,DEBUG,431,597,76
P18,C,DEBUG,303,635,152
P18,C,DEBUG,298,632,178
P18,C,DEBUG,292,639,224
P18,C,DEBUG,295,642,255
P18,C,DEBUG,177,597,286
P18,C,DEBUG,183,597,315
P18,C,DEBUG,179,603,357
P18,C,DEBUG,180,602,397
P18,C,DEBUG,173,600,440
P18,C,DEBUG,189,611,483
P18,C,DEBUG,172,601,520
P18,C,DEBUG,144,572,564
P18,C,DEBUG,140,584,601
P18,C,DEBUG,133,560,639
P18,C,DEBUG,137,571,689
P18,C,DEBUG,143,591,727
P18,C,DEBUG,132,568,765
P18,C,DEBUG,132,569,819
P18,C,DEBUG,135,561,858
P18,C,DEBUG,136,571,902
P18,C,DEBUG,144,572,948
P18,C,DEBUG,140,566,987
P18,C,DEBUG,136,555,1026
P18,C,DEBUG,144,560,1065
P18,C,DEBUG,139,549,1103
P18,C,DEBUG,140,556,1141
P18,C,DEBUG,142,552,1180
P18,C,DEBUG,137,553,1217
P18,C,DEBUG,127,561,1257
P18,C,DEBUG,195,633,1295
P18,C,DEBUG,199,634,1332
P18,C,DEBUG,191,646,1372
P18,C,DEBUG,192,648,1409
P18,C,DEBUG,192,641,1446
P18,C,DEBUG,191,648,1483
P18,C,DEBUG,117,499,1522
P18,C,DEBUG,113,498,1562
P18,C,DEBUG,132,495,1602
P18,C,DEBUG,140,515,1642
P18,C,DEBUG,139,500,1681
P18,C,DEBUG,144,501,1721
P18,C,DEBUG,128,515,1761
P18,C,DEBUG,197,499,1801
P18,C,DEBUG,140,503,1836
P18,C,DEBUG,194,474,1889
P18,C,DEBUG,215,486,1931
P18,C,DEBUG,230,499,1973
P18,C,DEBUG,281,475,2007
P18,C,DEBUG,233,478,2060
P18,C,DEBUG,243,487,2099
P18,C,DEBUG,280,506,2139
P18,C,DEBUG,277,497,2173
P18,C,DEBUG,279,496,2226
P18,C,DEBUG,277,510,2264
P18,C,DEBUG,273,507,2305
P18,C,DEBUG,275,496,2340
P18,C,DEBUG,299,493,2393
P18,C,DEBUG,372,494,2431
P18,C,DEBUG,361,497,2472
P18,C,DEBUG,343,508,2510
P18,C,DEBUG,252,487,2565
P18,C,DEBUG,233,454,2603
P18,C,DEBUG,248,462,2645
P18,C,DEBUG,212,459,2679
P18,C,DEBUG,213,462,2734
P18,C,DEBUG,167,473,2772
P18,C,DEBUG,86,547,2814
P18,C,DEBUG,160,560,2849
P18,C,DEBUG,138,524,2903
P18,C,DEBUG,86,533,2941
P18,C,DEBUG,105,526,2983
P18,C,DEBUG,167,520,3017
P18,C,DEBUG,173,517,3072
P18,C,DEBUG,306,474,3113
P18,C,DEBUG,312,471,3155
P18,C,DEBUG,240,487,3191
P18,C,DEBUG,323,489,3245
P18,C,DEBUG,258,441,3282
P18,C,DEBUG,217,474,3324
P18,C,DEBUG,223,447,3358
P18,C,DEBUG,210,446,3411
P18,C,DEBUG,158,288,3447
P18,C,DEBUG,163,301,3488
P18,C,DEBUG,177,299,3523
P18,C,DEBUG,162,313,3576
P18,C,DEBUG,272,354,3613
P18,C,DEBUG,193,285,3656
P18,C,DEBUG,333,295,3694
P18,C,DEBUG,327,300,3748
P18,C,DEBUG,333,291,3786
P18,C,DEBUG,323,307,3827
P18,C,DEBUG,270,306,3859
P18,C,DEBUG,281,585,3912
P18,C,DEBUG,282,769,3949
P18,C,DEBUG,281,792,3990
P18,C,DEBUG,314,787,4026
P18,C,DEBUG,324,774,4077
P18,C,DEBUG,269,785,4115
P18,C,DEBUG,282,797,4156
P18,C,DEBUG,323,790,4191
P18,C,DEBUG,218,769,4243
P18,C,DEBUG,184,774,4286
P18,C,DEBUG,150,781,4326
P18,C,DEBUG,184,761,4361
P18,C,DEBUG,181,760,4413
P18,C,DEBUG,133,780,4453
P18,C,DEBUG,114,765,4494
P18,C,DEBUG,129,763,4529
P18,C,DEBUG,88,782,4582
P18,C,DEBUG,114,777,4623
P18,C,DEBUG,88,776,4664
P18,C,DEBUG,129,471,4699
P18,C,DEBUG,156,345,4752
P18,C,DEBUG,170,343,4794
P18,C,DEBUG,159,344,4836
P18,C,DEBUG,143,346,4871
P18,C,DEBUG,172,338,4925
P18,C,DEBUG,151,356,4961
P18,C,DEBUG,119,467,5003
P18,C,DEBUG,124,501,5036
P18,C,DEBUG,98,500,5089
P18,C,DEBUG,119,499,5125
P18,C,DEBUG,162,498,5166
P18,C,DEBUG,132,286,5199
P18,C,DEBUG,150,203,5252
P18,C,DEBUG,152,215,5291
P18,C,DEBUG,174,206,5331
P18,C,DEBUG,164,194,5365
P18,C,DEBUG,140,209,5424
P18,C,DEBUG,165,202,5461
P18,C,DEBUG,150,212,5503
P18,C,DEBUG,137,211,5537
P18,C,DEBUG,154,198,5592
P18,C,DEBUG,153,200,5629
P18,C,DEBUG,134,206,5671
P18,C,DEBUG,143,201,5705
P18,C,DEBUG,163,207,5759
P18,C,DEBUG,168,200,5795
P18,C,DEBUG,149,205,5837
P18,C,DEBUG,171,278,5871
P18,C,DEBUG,177,510,5926
P18,C,DEBUG,168,507,5964
P18,C,DEBUG,164,514,6009
P18,C,DEBUG,180,472,6045
P18,C,DEBUG,157,485,6100
P18,C,DEBUG,134,497,6145
P18,C,DEBUG,157,488,6195
P18,C,DEBUG,180,488,6240
P18,C,DEBUG,191,486,6293
P18,C,DEBUG,190,493,6351
P18,C,DEBUG,158,564,6396
P18,C,DEBUG,187,520,6456
P18,C,DEBUG,193,529,6505
P18,C,DEBUG,182,533,6569
P18,C,DEBUG,184,538,6618
P18,C,DEBUG,189,524,6679
P18,C,DEBUG,214,512,6728
P18,C,DEBUG,164,539,6789
P18,C,DEBUG,173,501,6838
P18,C,DEBUG,168,509,6899
P18,C,DEBUG,202,507,6947
P18,C,DEBUG,258,441,7008
P18,C,DEBUG,470,18,7057
P18,C,DEBUG,466,1,7109
P18,C,DEBUG,452,-18,7172
P18,C,DEBUG,497,-66,7225
P18,C,DEBUG,507,-59,7266
P18,C,DEBUG,492,-47,7309
P18,C,DEBUG,484,-44,7358
P18,C,DEBUG,482,-42,7391
P18,C,DEBUG,489,-29,7431
P18,C,DEBUG,478,-8,7471
P18,C,DEBUG,474,-16,7508
P18,C,DEBUG,483,-29,7552
P18,C,DEBUG,481,-16,7591
P18,C,DEBUG,488,-26,7631
P18,C,DEBUG,499,-25,7672
P18,C,DEBUG,496,-32,7708
P18,C,DEBUG,479,-32,7748
P18,C,DEBUG,486,-21,7785
P18,C,DEBUG,483,-41,7825
P18,C,DEBUG,494,-29,7867
P18,C,DEBUG,491,-33,7909
P18,C,DEBUG,492,-26,7951
P18,C,DEBUG,482,-21,7994
P18,C,DEBUG,443,-93,8036
P18,C,DEBUG,453,-68,8079
P18,C,DEBUG,450,-70,8140
P18,C,DEBUG,344,657,8201
P18,C,DEBUG,354,844,8261
P18,C,DEBUG,342,822,8328
P18,C,DEBUG,345,843,8387
P18,C,DEBUG,292,843,8444
P18,C,DEBUG,90,822,8500
P18,C,DEBUG,73,815,8558
P18,C,DEBUG,80,800,8617
P18,C,DEBUG,18,787,8674
P18,C,DEBUG,30,788,8730
P18,C,DEBUG,13,781,8788
P18,C,DEBUG,35,785,8844
P18,C,DEBUG,47,788,8902
P18,C,DEBUG,460,848,8959
P18,C,DEBUG,472,850,9013
P18,C,DEBUG,471,872,9069
P18,C,DEBUG,472,854,9124
P18,C,DEBUG,466,850,9179
P18,C,DEBUG,472,837,9235
P18,C,DEBUG,466,845,9274
P18,C,DEBUG,473,843,9310
P18,C,DEBUG,464,845,9349
P18,C,DEBUG,512,750,9386
P18,C,DEBUG,579,380,9423
P18,C,DEBUG,564,110,9464
P18,C,DEBUG,563,99,9505
P18,C,DEBUG,565,109,9543
P18,C,DEBUG,557,113,9579
P18,C,DEBUG,562,113,9619
P18,C,DEBUG,556,110,9659
P18,C,DEBUG,566,125,9700
P18,C,DEBUG,749,180,9741
P18,C,DEBUG,750,196,9782
P18,C,DEBUG,756,194,9825
P18,C,DEBUG,652,222,9862
P18,C,DEBUG,311,237,9900
P18,C,DEBUG,325,251,9936
P18,C,DEBUG,316,235,9974
P18,C,DEBUG,308,249,10013
P18,C,DEBUG,328,241,10051
P18,C,DEBUG,219,207,10087
P18,C,DEBUG,232,194,10124
P18,C,DEBUG,225,187,10162
P18,C,DEBUG,228,192,10198
P18,C,DEBUG,236,196,10236
P18,C,DEBUG,231,200,10272
P18,C,DEBUG,223,192,10309
P18,C,DEBUG,258,186,10346
P18,C,DEBUG,250,205,10384
P18,C,DEBUG,253,206,10411
P18,C,DEBUG,246,210,10447
P18,C,DEBUG,241,201,10484
P18,C,DEBUG,251,200,10521
P18,C,DEBUG,241,209,10561
P18,C,DEBUG,242,209,10598
P18,C,DEBUG,218,195,10634
P18,C,DEBUG,176,207,10671
P18,C,DEBUG,173,201,10708
P18,C,DEBUG,170,198,10744
P18,C,DEBUG,177,205,10780
P18,C,DEBUG,167,203,10816
P18,C,DEBUG,1107,172,11510
P18,C,DEBUG,1075,185,11534
P18,C,DEBUG,1077,191,11563
P18,C,DEBUG,1088,180,11601
P18,C,DEBUG,1094,177,11637
P18,C,DEBUG,1084,185,11679
P18,C,DEBUG,1093,182,11716
P18,C,DEBUG,1093,185,11754
P18,C,DEBUG,1089,184,11792
P18,C,DEBUG,1093,178,11829
P18,C,DEBUG,1077,194,11867
P18,C,DEBUG,967,175,11904
P18,C,DEBUG,550,123,11943
P18,C,DEBUG,85,293,12163
P18,C,DEBUG,107,295,12189
P18,C,DEBUG,118,304,12223
P18,C,DEBUG,96,293,12253
P18,C,DEBUG,122,313,12282
P18,C,DEBUG,121,314,12311
P18,C,DEBUG,196,297,12339
P18,C,DEBUG,157,300,12368
P18,C,DEBUG,161,301,12396
P18,C,DEBUG,167,302,12431
P18,C,DEBUG,160,326,12464
P18,C,DEBUG,168,307,12504
P18,C,DEBUG,169,308,12555
P18,C,DEBUG,148,308,12585
P18,C,DEBUG,148,316,12628
P18,C,DEBUG,156,319,12668
P18,C,DEBUG,141,100,12719
P18,C,DEBUG,130,86,12750
P18,C,DEBUG,136,80,12795
P18,C,DEBUG,143,110,12838
P18,C,DEBUG,129,108,12886
P18,C,DEBUG,136,107,12919
P18,C,DEBUG,151,111,12959
P18,C,DEBUG,144,110,12997
P18,C,DEBUG,150,106,13047
P18,C,DEBUG,189,312,13077
P18,C,DEBUG,211,361,13119
P18,C,DEBUG,215,366,13147
P18,C,DEBUG,213,369,13197
P18,C,DEBUG,206,372,13227
P18,C,DEBUG,216,364,13268
P18,C,DEBUG,205,380,13306
P18,C,DEBUG,207,372,13360
P18,C,DEBUG,213,368,13392
P18,C,DEBUG,200,370,13434
P18,C,DEBUG,160,516,13473
P18,C,DEBUG,159,518,13525
P18,C,DEBUG,153,523,13558
P18,C,DEBUG,168,515,13601
P18,C,DEBUG,169,511,13640
P18,C,DEBUG,140,460,13691
P18,C,DEBUG,149,457,13722
P18,C,DEBUG,153,450,13766
P18,C,DEBUG,147,448,13805
P18,C,DEBUG,133,472,13857
P18,C,DEBUG,145,448,13889
P18,C,DEBUG,142,429,13935
P18,C,DEBUG,145,423,13976
P18,C,DEBUG,152,431,14028
P18,C,DEBUG,168,422,14059
P18,C,DEBUG,175,417,14101
P18,C,DEBUG,195,345,14140
P18,C,DEBUG,179,319,14191
P18,C,DEBUG,190,308,14223
P18,C,DEBUG,177,319,14266
P18,C,DEBUG,180,318,14305
P18,C,DEBUG,177,313,14356
P18,C,DEBUG,189,270,14387
P18,C,DEBUG,165,270,14431
P18,C,DEBUG,187,269,14470
P18,C,DEBUG,183,267,14525
P18,C,DEBUG,190,269,14563
P18,C,DEBUG,184,336,14613
P18,C,DEBUG,170,352,14650
P18,C,DEBUG,195,337,14701
P18,C,DEBUG,191,345,14738
P18,C,DEBUG,179,332,14788
P18,C,DEBUG,155,360,14826
P18,C,DEBUG,162,361,14877
P18,C,DEBUG,187,367,14915
P18,C,DEBUG,157,357,14967
P18,C,DEBUG,149,362,15006
P18,C,DEBUG,188,354,15059
P18,C,DEBUG,220,334,15102
P18,C,DEBUG,219,329,15155
P18,C,DEBUG,217,336,15194
P18,C,DEBUG,214,347,15246
P18,C,DEBUG,210,277,15285
P18,C,DEBUG,211,302,15337
P18,C,DEBUG,206,292,15386
P18,C,DEBUG,198,288,15435
P18,C,DEBUG,222,288,15485
P18,C,DEBUG,218,294,15535
P18,C,DEBUG,219,292,15584
P18,C,DEBUG,216,321,15634
P18,C,DEBUG,201,324,15676
P18,C,DEBUG,202,314,15729
P18,C,DEBUG,199,325,15777
P18,C,DEBUG,206,305,15825
P18,C,DEBUG,212,261,15873
P18,C,DEBUG,204,287,15912
P18,C,DEBUG,204,266,15964
P18,C,DEBUG,210,280,16002
P18,C,DEBUG,52,178,16060
P18,C,DEBUG,77,205,16118
P18,C,DEBUG,194,299,16173
P18,C,DEBUG,42,202,16230
P18,C,DEBUG,148,253,16291
P18,C,DEBUG,116,285,16349
P18,C,DEBUG,152,258,16403
P18,C,DEBUG,144,266,16460
P18,C,DEBUG,159,308,16517
P18,C,DEBUG,175,319,16574
P18,C,DEBUG,177,311,16631
P18,C,DEBUG,175,317,16688
P18,C,DEBUG,162,295,16743
P18,C,DEBUG,159,266,16800
P18,C,DEBUG,150,257,16861
P18,C,DEBUG,147,277,16918
P18,C,DEBUG,158,271,16975
P18,C,DEBUG,177,258,17032
P18,C,DEBUG,194,252,17088
P18,C,DEBUG,189,260,17145
P18,C,DEBUG,145,74,17204
P18,C,DEBUG,160,72,17243
P18,C,DEBUG,129,95,17294
P18,C,DEBUG,170,91,17337
P18,C,DEBUG,170,78,17384
P18,C,DEBUG,164,98,17429
P18,C,DEBUG,195,178,17478
P18,C,DEBUG,266,433,17525
P18,C,DEBUG,272,459,17576
P18,C,DEBUG,281,458,17614
P18,C,DEBUG,274,461,17666
P18,C,DEBUG,170,242,17702
P18,C,DEBUG,204,217,17754
P18,C,DEBUG,160,248,17803
P18,C,DEBUG,217,227,17851
P18,C,DEBUG,209,227,17900
P18,C,DEBUG,212,219,17949
P18,C,DEBUG,162,162,18025
P18,C,DEBUG,262,334,18153
P18,C,DEBUG,250,317,18277
P18,C,DEBUG,245,323,18371
P18,C,DEBUG,257,310,18418
P18,C,DEBUG,204,326,18456
P18,C,DEBUG,246,322,18494
P18,C,DEBUG,179,341,18530
P18,C,DEBUG,239,449,18568
P18,C,DEBUG,242,442,18606
P18,C,DEBUG,224,469,18658
P18,C,DEBUG,179,500,18704
P18,C,DEBUG,201,459,18752
P18,C,DEBUG,180,478,18804
P18,C,DEBUG,202,463,18853
P18,C,DEBUG,161,490,18901
P18,C,DEBUG,199,473,18949
P18,C,DEBUG,158,488,18997
P18,C,DEBUG,240,626,19047
P18,C,DEBUG,303,605,19095
P18,C,DEBUG,317,604,19133
P18,C,DEBUG,302,595,19184
P18,C,DEBUG,220,594,19231
P18,C,DEBUG,271,538,19279
P18,C,DEBUG,286,550,19327
P18,C,DEBUG,279,537,19378
P18,C,DEBUG,282,538,19427
P18,C,DEBUG,298,550,19476
P18,C,DEBUG,203,582,19524
P18,C,DEBUG,258,547,19572
P18,C,DEBUG,253,545,19621
P18,C,DEBUG,261,545,19671
P18,C,DEBUG,277,544,19719
P18,C,DEBUG,268,552,19766
P18,C,DEBUG,330,585,19814
P18,C,DEBUG,295,604,19863
P18,C,DEBUG,302,596,19911
P18,C,DEBUG,307,611,19962
P18,C,DEBUG,355,571,20000
P18,C,DEBUG,407,564,20053
P18,C,DEBUG,408,587,20089
P18,C,DEBUG,406,578,20141
P18,C,DEBUG,405,584,20177
P18,C,DEBUG,207,632,20230
P18,C,DEBUG,210,611,20267
P18,C,DEBUG,286,570,20321
P18,C,DEBUG,281,562,20359
P18,C,DEBUG,305,561,20414
P18,C,DEBUG,377,571,20451
P18,C,DEBUG,282,617,20504
P18,C,DEBUG,377,571,20544
P18,C,DEBUG,371,577,20600
P18,C,DEBUG,387,588,20638
P18,C,DEBUG,201,578,20690
P18,C,DEBUG,260,550,20727
P18,C,DEBUG,161,562,20780
P18,C,DEBUG,242,531,20817
P18,C,DEBUG,230,517,20869
P18,C,DEBUG,233,512,20906
P18,C,DEBUG,298,540,20959
P18,C,DEBUG,324,538,20997
P18,C,DEBUG,286,549,21049
P18,C,DEBUG,284,549,21087
P18,C,DEBUG,297,550,21143
P18,C,DEBUG,196,607,21182
P18,C,DEBUG,277,559,21234
P18,C,DEBUG,267,574,21272
P18,C,DEBUG,281,563,21325
P18,C,DEBUG,253,572,21363
P18,C,DEBUG,261,572,21415
P18,C,DEBUG,254,518,21453
P18,C,DEBUG,212,423,21504
P18,C,DEBUG,234,421,21543
P18,C,DEBUG,223,414,21595
P18,C,DEBUG,214,402,21633
P18,C,DEBUG,169,453,21685
P18,C,DEBUG,213,415,21727
P18,C,DEBUG,224,401,21780
P18,C,DEBUG,235,434,21818
P18,C,DEBUG,223,529,21871
P18,C,DEBUG,304,477,21908
P18,C,DEBUG,238,529,21960
P18,C,DEBUG,282,500,21998
P18,C,DEBUG,292,490,22051
P18,C,DEBUG,373,502,22088
P18,C,DEBUG,363,509,22141
P18,C,DEBUG,359,508,22178
P18,C,DEBUG,381,510,22230
P18,C,DEBUG,375,507,22268
P18,C,DEBUG,390,507,22324
P18,C,DEBUG,434,512,22362
P18,C,DEBUG,415,519,22416
P18,C,DEBUG,412,523,22453
P18,C,DEBUG,431,521,22507
P18,C,DEBUG,437,515,22544
P18,C,DEBUG,375,523,22598
P18,C,DEBUG,396,514,22635
P18,C,DEBUG,394,507,22689
P18,C,DEBUG,391,519,22726
P18,C,DEBUG,393,527,22781
P18,C,DEBUG,308,521,22818
P18,C,DEBUG,296,510,22872
P18,C,DEBUG,276,515,22913
P18,C,DEBUG,298,512,22968
P18,C,DEBUG,288,492,23005
P18,C,DEBUG,287,516,23059
P18,C,DEBUG,324,475,23095
P18,C,DEBUG,320,474,23149
P18,C,DEBUG,316,470,23187
P18,C,DEBUG,312,480,23239
P18,C,DEBUG,340,496,23276
P18,C,DEBUG,243,538,23330
P18,C,DEBUG,389,477,23367
P18,C,DEBUG,376,493,23419
P18,C,DEBUG,373,467,23459
P18,C,DEBUG,394,487,23514
P18,C,DEBUG,202,572,23551
P18,C,DEBUG,230,563,23603
P18,C,DEBUG,161,625,23642
P18,C,DEBUG,262,593,23694
P18,C,DEBUG,205,549,23730
P18,C,DEBUG,206,554,23783
P18,C,DEBUG,221,561,23821
P18,C,DEBUG,201,544,23874
P18,C,DEBUG,203,553,23911
P18,C,DEBUG,198,540,23964
P18,C,DEBUG,134,597,24002
P18,C,DEBUG,195,538,24059
P18,C,DEBUG,223,566,24098
P18,C,DEBUG,233,560,24150
P18,C,DEBUG,221,553,24188
P18,C,DEBUG,211,529,24242
P18,C,DEBUG,214,543,24280
P18,C,DEBUG,207,530,24334
P18,C,DEBUG,234,541,24371
P18,C,DEBUG,134,566,24425
P18,C,DEBUG,152,578,24462
P18,C,DEBUG,238,539,24514
P18,C,DEBUG,149,558,24551
P18,C,DEBUG,135,555,24604
P18,C,DEBUG,144,565,24644
P18,C,DEBUG,253,531,24697
P18,C,DEBUG,220,517,24734
P18,C,DEBUG,210,547,24786
P18,C,DEBUG,205,542,24823
P18,C,DEBUG,206,544,24876
P18,C,DEBUG,204,547,24913
P18,C,DEBUG,196,543,24966
P18,C,DEBUG,211,545,25003
P18,C,DEBUG,214,545,25056
P18,C,DEBUG,223,534,25093
P18,C,DEBUG,131,582,25145
P18,C,DEBUG,222,535,25183
P18,C,DEBUG,216,535,25239
P18,C,DEBUG,131,566,25277
P18,C,DEBUG,238,555,25330
P18,C,DEBUG,207,544,25367
P18,C,DEBUG,135,577,25418
P18,C,DEBUG,135,583,25455
P18,C,DEBUG,146,578,25510
P18,C,DEBUG,198,536,25548
P18,C,DEBUG,148,577,25601
P18,C,DEBUG,251,471,25639
P18,C,DEBUG,226,454,25691
P18,C,DEBUG,141,510,25730
P18,C,DEBUG,226,499,25782
P18,C,DEBUG,235,475,25822
P18,C,DEBUG,214,473,25875
P18,C,DEBUG,212,463,25913
P18,C,DEBUG,239,402,25965
P18,C,DEBUG,266,444,26002
P18,C,DEBUG,232,402,26055
P18,C,DEBUG,234,410,26093
P18,C,DEBUG,157,426,26145
P18,C,DEBUG,226,394,26183
P18,C,DEBUG,217,396,26235
P18,C,DEBUG,195,459,26274
P18,C,DEBUG,201,455,26326
P18,C,DEBUG,204,460,26364
P18,C,DEBUG,211,412,26419
P18,C,DEBUG,194,420,26457
P18,C,DEBUG,193,418,26508
P18,C,DEBUG,133,465,26545
P18,C,DEBUG,115,460,26598
P18,C,DEBUG,211,427,26636
P18,C,DEBUG,189,388,26689
P18,C,DEBUG,192,363,26728
P18,C,DEBUG,116,416,26781
P18,C,DEBUG,269,405,26819
P18,C,DEBUG,264,396,26871
P18,C,DEBUG,266,400,26908
P18,C,DEBUG,268,394,26961
P18,C,DEBUG,267,386,27003
P18,C,DEBUG,296,339,27055
P18,C,DEBUG,285,341,27094
P18,C,DEBUG,311,335,27136
P18,C,DEBUG,219,329,27166
P18,C,DEBUG,151,365,27209
P18,C,DEBUG,211,332,27247
P18,C,DEBUG,209,326,27299
P18,C,DEBUG,270,534,27523
P18,C,DEBUG,314,522,27553
P18,C,DEBUG,316,525,27606
P18,C,DEBUG,322,520,27648
P18,C,DEBUG,307,516,27690
P18,C,DEBUG,268,541,27733
P18,C,DEBUG,312,513,27776
P18,C,DEBUG,308,513,27818
P18,C,DEBUG,296,512,27855
P18,C,DEBUG,249,357,28098
P18,C,DEBUG,238,337,28126
P18,C,DEBUG,314,340,28173
P18,C,DEBUG,268,358,28225
P18,C,DEBUG,301,413,28263
P18,C,DEBUG,315,398,28314
P18,C,DEBUG,329,396,28353
P18,C,DEBUG,333,387,28404
P18,C,DEBUG,313,398,28445
P18,C,DEBUG,319,380,28496
P18,C,DEBUG,321,386,28535
P18,C,DEBUG,356,384,28587
P18,C,DEBUG,364,376,28627
P18,C,DEBUG,313,407,28678
P18,C,DEBUG,363,382,28723
P18,C,DEBUG,325,405,28775
P18,C,DEBUG,280,376,28817
P18,C,DEBUG,285,355,28868
P18,C,DEBUG,256,359,28910
P18,C,DEBUG,253,363,28962
P18,C,DEBUG,249,363,29003
P18,C,DEBUG,305,360,29055
P18,C,DEBUG,315,366,29097
P18,C,DEBUG,287,366,29148
P18,C,DEBUG,278,364,29189
P18,C,DEBUG,325,360,29240
P18,C,DEBUG,322,346,29284
P18,C,DEBUG,328,353,29337
P18,C,DEBUG,340,376,29377
P18,C,DEBUG,342,380,29430
P18,C,DEBUG,355,373,29470
P18,C,DEBUG,353,375,29522
P18,C,DEBUG,311,374,29563
P18,C,DEBUG,335,380,29614
P18,C,DEBUG,358,370,29654
P18,C,DEBUG,356,359,29705
P18,C,DEBUG,347,411,29745
P18,C,DEBUG,348,403,29797
P18,C,DEBUG,349,399,29837
P18,C,DEBUG,351,397,29891
P18,C,DEBUG,367,390,29932
P18,C,DEBUG,358,394,29983
P18,C,DEBUG,299,420,30023
P18,C,DEBUG,331,390,30075
P18,C,DEBUG,377,397,30113
P18,C,DEBUG,353,418,30166
P18,C,DEBUG,328,417,30205
P18,C,DEBUG,358,414,30257
P18,C,DEBUG,351,404,30297
P18,C,DEBUG,355,406,30348
P18,C,DEBUG,361,404,30387
P18,C,DEBUG,365,406,30439
P18,C,DEBUG,365,402,30482
P18,C,DEBUG,336,399,30534
P18,C,DEBUG,376,404,30573
P18,C,DEBUG,351,413,30625
P18,C,DEBUG,363,407,30664
P18,C,DEBUG,362,418,30716
P18,C,DEBUG,310,434,30755
P18,C,DEBUG,361,406,30807
P18,C,DEBUG,362,400,30846
P18,C,DEBUG,370,402,30898
P18,C,DEBUG,305,446,30936
P18,C,DEBUG,365,410,30989
P18,C,DEBUG,364,410,31031
P18,C,DEBUG,284,365,31084
P18,C,DEBUG,233,330,31123
P18,C,DEBUG,219,336,31175
P18,C,DEBUG,231,322,31213
P18,C,DEBUG,215,336,31267
P18,C,DEBUG,295,347,31306
P18,C,DEBUG,279,343,31359
P18,C,DEBUG,298,359,31398
P18,C,DEBUG,293,348,31451
P18,C,DEBUG,234,393,31490
P18,C,DEBUG,201,333,31542
P18,C,DEBUG,220,334,31584
P18,C,DEBUG,205,350,31638
P18,C,DEBUG,202,321,31677
P18,C,DEBUG,212,326,31729
P18,C,DEBUG,223,328,31768
P18,C,DEBUG,251,331,31821
P18,C,DEBUG,243,345,31858
P18,C,DEBUG,191,395,31910
P18,C,DEBUG,294,459,31947
P18,C,DEBUG,301,450,32000
P18,C,DEBUG,289,449,32038
P18,C,DEBUG,299,463,32091
P18,C,DEBUG,302,455,32130
P18,C,DEBUG,306,454,32187
P18,C,DEBUG,248,431,32225
P18,C,DEBUG,240,426,32279
P18,C,DEBUG,248,437,32318
P18,C,DEBUG,241,434,32371
P18,C,DEBUG,247,416,32408
P18,C,DEBUG,301,504,32461
P18,C,DEBUG,300,508,32499
P18,C,DEBUG,295,494,32553
P18,C,DEBUG,315,499,32590
P18,C,DEBUG,308,498,32644
P18,C,DEBUG,270,503,32681
P18,C,DEBUG,290,508,32735
P18,C,DEBUG,275,498,32775
P18,C,DEBUG,204,536,32830
P18,C,DEBUG,283,188,32867
P18,C,DEBUG,259,90,32921
P18,C,DEBUG,339,78,32970
P18,C,DEBUG,350,89,33007
P18,C,DEBUG,281,143,33064
P18,C,DEBUG,339,102,33111
P18,C,DEBUG,338,114,33161
P18,C,DEBUG,358,168,33210
P18,C,DEBUG,262,131,33261
P18,C,DEBUG,263,90,33310
P18,C,DEBUG,268,620,64237
P18,C,DEBUG,261,611,64260
P18,C,DEBUG,263,616,64307
P18,C,DEBUG,268,620,64349
P18,C,DEBUG,215,584,64390
P18,C,DEBUG,240,560,64431
P18,C,DEBUG,252,552,64472
P18,C,DEBUG,197,523,64516
P18,C,DEBUG,189,517,64558
P18,C,DEBUG,215,520,64598
P18,C,DEBUG,218,515,64638
P18,C,DEBUG,180,531,64679
P18,C,DEBUG,248,449,64720
P18,C,DEBUG,178,423,64760
P18,C,DEBUG,227,398,64800
P18,C,DEBUG,220,212,64841
P18,C,DEBUG,180,221,64882
P18,C,DEBUG,208,200,64924
P18,C,DEBUG,224,194,64964
P18,C,DEBUG,209,212,65005
P18,C,DEBUG,216,205,65046
P18,C,DEBUG,119,180,65091
P18,C,DEBUG,121,197,65132
P18,C,DEBUG,173,167,65171
P18,C,DEBUG,183,162,65208
P18,C,DEBUG,190,157,65246
P18,C,DEBUG,162,153,65290
P18,C,DEBUG,124,150,65328
P18,C,DEBUG,170,148,65369
P18,C,DEBUG,141,154,65409
P18,C,DEBUG,171,239,65446
P18,C,DEBUG,193,247,65485
P18,C,DEBUG,165,258,65523
P18,C,DEBUG,165,256,65560
P18,C,DEBUG,167,259,65599
P18,C,DEBUG,163,319,65635
P18,C,DEBUG,165,316,65677
P18,C,DEBUG,264,497,65852
P18,C,DEBUG,237,612,65876
P18,C,DEBUG,273,566,65909
P18,C,DEBUG,237,587,65942
P18,C,DEBUG,213,620,65974
P18,C,DEBUG,275,568,66005
P18,C,DEBUG,281,555,66037
P18,C,DEBUG,261,570,66069
P18,C,DEBUG,271,555,66101
P18,C,DEBUG,160,603,66759
P18,C,DEBUG,218,531,66783
P18,C,DEBUG,180,586,66818
P18,C,DEBUG,265,548,66850
P18,C,DEBUG,247,562,66882
P18,C,DEBUG,261,556,66913
P18,C,DEBUG,261,546,66945
P18,C,DEBUG,249,543,66976
P18,C,DEBUG,192,624,67008
P18,C,DEBUG,257,484,67335
P18,C,DEBUG,326,494,67359
P18,C,DEBUG,340,480,67392
P18,C,DEBUG,304,504,67425
P18,C,DEBUG,328,489,67455
P18,C,DEBUG,323,497,67486
P18,C,DEBUG,331,489,67517
P18,C,DEBUG,324,490,67547
P18,C,DEBUG,332,488,67578
P18,C,DEBUG,273,521,68622
P18,C,DEBUG,315,385,68646
P18,C,DEBUG,251,448,68678
P18,C,DEBUG,309,411,68711
P18,C,DEBUG,318,395,68744
P18,C,DEBUG,238,469,68776
P18,C,DEBUG,328,417,68808
P18,C,DEBUG,236,465,68840
P18,C,DEBUG,244,465,68872
P18,C,DEBUG,245,468,69029
P18,C,DEBUG,227,465,69054
P18,C,DEBUG,155,530,69087
P18,C,DEBUG,224,481,69121
P18,C,DEBUG,218,476,69152
P18,C,DEBUG,227,473,69184
P18,C,DEBUG,335,469,69216
P18,C,DEBUG,252,516,69247
P18,C,DEBUG,326,472,69279
P18,C,DEBUG,374,395,69616
P18,C,DEBUG,337,415,69640
P18,C,DEBUG,331,423,69674
P18,C,DEBUG,358,393,69707
P18,C,DEBUG,354,397,69740
P18,C,DEBUG,338,393,69771
P18,C,DEBUG,280,455,69803
P18,C,DEBUG,359,390,69836
P18,C,DEBUG,376,435,69868
P18,C,DEBUG,376,603,70023
P18,C,DEBUG,436,549,70062
P18,C,DEBUG,470,560,70104
P18,C,DEBUG,441,479,70144
P18,C,DEBUG,382,535,70182
P18,C,DEBUG,443,483,70223
P18,C,DEBUG,444,471,70264
P18,C,DEBUG,438,475,70305
P18,C,DEBUG,439,458,70346
P18,C,DEBUG,441,467,70388
P18,C,DEBUG,444,467,70429
P18,C,DEBUG,366,514,70470
P18,C,DEBUG,310,539,70553
P18,C,DEBUG,301,554,70590
P18,C,DEBUG,293,555,70632
P18,C,DEBUG,305,564,70675
P18,C,DEBUG,357,556,70718
P18,C,DEBUG,367,549,70760
P18,C,DEBUG,356,566,70801
P18,C,DEBUG,358,555,70842
P18,C,DEBUG,352,564,70883
P18,C,DEBUG,345,523,70924
P18,C,DEBUG,341,527,70964
P18,C,DEBUG,340,522,71005
P18,C,DEBUG,295,565,71046
P18,C,DEBUG,359,510,71087
P18,C,DEBUG,347,515,71127
P18,C,DEBUG,342,518,71168
P18,C,DEBUG,358,502,71209
P18,C,DEBUG,356,508,71251
P18,C,DEBUG,361,622,71294
P18,C,DEBUG,371,616,71335
P18,C,DEBUG,364,614,71376
P18,C,DEBUG,375,608,71416
P18,C,DEBUG,358,623,71458
P18,C,DEBUG,368,616,71498
P18,C,DEBUG,350,618,71539
P18,C,DEBUG,384,530,71579
P18,C,DEBUG,379,542,71620
P18,C,DEBUG,402,533,71661
P18,C,DEBUG,385,534,71703
P18,C,DEBUG,381,543,71743
P18,C,DEBUG,392,550,71785
P18,C,DEBUG,378,548,71828
P18,C,DEBUG,387,545,71872
P18,C,DEBUG,319,614,71913
P18,C,DEBUG,392,570,71954
P18,C,DEBUG,400,552,71995
P18,C,DEBUG,400,561,72036
P18,C,DEBUG,400,565,72076
P18,C,DEBUG,328,609,72118
P18,C,DEBUG,396,571,72159
P18,C,DEBUG,389,562,72200
P18,C,DEBUG,412,549,72241
P18,C,DEBUG,410,570,72282
P18,C,DEBUG,404,557,72323
P18,C,DEBUG,399,565,72365
P18,C,DEBUG,341,613,72407
P18,C,DEBUG,410,569,72454
P18,C,DEBUG,415,567,72498
P18,C,DEBUG,337,614,72539
P18,C,DEBUG,404,569,72580
P18,C,DEBUG,403,566,72627
P18,C,DEBUG,388,585,72674
P18,C,DEBUG,406,569,72715
P18,C,DEBUG,417,576,72756
P18,C,DEBUG,695,1245,88314
P18,C,DEBUG,669,1352,88558
P18,C,DEBUG,703,1322,88583
P18,C,DEBUG,704,1358,93352
P18,C,DEBUG,267,107,93684
P18,C,DEBUG,692,1327,94182
P18,C,DEBUG,716,1371,95354
P18,C,DEBUG,703,1418,95509
P18,C,DEBUG,359,172,96582
P18,C,DEBUG,341,174,97249
P18,C,DEBUG,321,160,97281
P18,C,DEBUG,342,172,97319
P18,C,DEBUG,331,174,97357
P18,C,DEBUG,316,152,97402
P18,C,DEBUG,313,177,97441
P18,C,DEBUG,318,179,97481
P18,C,DEBUG,316,170,97521
P18,C,DEBUG,313,178,97560
P18,C,DEBUG,313,161,97598
P18,C,DEBUG,303,171,97636
P18,C,DEBUG,309,183,97675
P18,C,DEBUG,364,418,98346
P18,C,DEBUG,295,257,98380
P18,C,DEBUG,194,66,98411
P18,C,DEBUG,176,87,98450
P18,C,DEBUG,130,50,98488
P18,C,DEBUG,215,52,98530
P18,C,DEBUG,247,116,98571
P18,C,DEBUG,274,107,98610
P18,C,DEBUG,250,51,98649
P18,C,DEBUG,319,-105,98725
P18,C,DEBUG,336,-110,98772
P18,C,DEBUG,317,-136,98854
P18,C,DEBUG,271,-159,98894
P18,C,DEBUG,403,-33,98935
P18,C,DEBUG,391,-92,98975
P18,C,DEBUG,382,-42,99013
P18,C,DEBUG,369,-99,99052
P18,C,DEBUG,381,-122,99095
P18,C,DEBUG,321,-234,99135
P18,C,DEBUG,387,-115,99175
P18,C,DEBUG,319,-194,99516
P18,C,DEBUG,341,-176,99602
P18,C,DEBUG,692,277,99999
P18,C,DEBUG,688,231,100143
P18,C,DEBUG,687,276,100212
P18,C,DEBUG,673,225,100256
P18,C,DEBUG,690,191,100293
P18,C,DEBUG,683,207,100332
P18,C,DEBUG,642,179,100370
P18,C,DEBUG,471,70,100408
P18,C,DEBUG,481,74,100447
P18,C,DEBUG,450,33,100487
P18,C,DEBUG,441,22,100528
P18,C,DEBUG,438,-55,100569
P18,C,DEBUG,391,-137,100611
P18,C,DEBUG,406,-144,100653
P18,C,DEBUG,423,-76,100695
P18,C,DEBUG,461,-49,100738
P18,C,DEBUG,447,-28,100779
P18,C,DEBUG,437,-100,100822
P18,C,DEBUG,357,-205,100862
P18,C,DEBUG,436,-96,100939
P18,C,DEBUG,418,-116,101017
P18,C,DEBUG,380,-92,101094
P18,C,DEBUG,352,-107,101133
P18,C,DEBUG,365,-102,101171
P18,C,DEBUG,357,-148,101212
P18,C,DEBUG,334,-115,101250
P18,C,DEBUG,364,-133,101289
P18,C,DEBUG,339,-81,101326
P18,C,DEBUG,362,-123,101365
P18,C,DEBUG,388,-104,101406
P18,C,DEBUG,362,-183,101445
P18,C,DEBUG,362,-93,101483
P18,C,DEBUG,322,-139,101520
P18,C,DEBUG,322,-219,101557
P18,C,DEBUG,405,-101,101594
P18,C,DEBUG,293,-186,101631
P18,C,DEBUG,384,-127,101669
P18,C,DEBUG,386,-203,101745
P18,C,DEBUG,377,-136,101987
P18,C,DEBUG,364,-170,102094
P18,C,DEBUG,369,-200,102884
P18,C,DEBUG,313,-222,102922
P18,C,DEBUG,423,-108,103035
P18,C,DEBUG,443,-102,103110
P18,C,DEBUG,418,-9,103143
P18,C,DEBUG,543,217,103184
P18,C,DEBUG,539,219,103222
P18,C,DEBUG,547,228,103260
P18,C,DEBUG,517,229,103299
P18,C,DEBUG,341,182,103337
P18,C,DEBUG,327,198,103375
P18,C,DEBUG,331,180,103414
P18,C,DEBUG,332,213,103448
P18,C,DEBUG,284,172,103488
P18,C,DEBUG,271,178,103527
P18,C,DEBUG,232,149,103566
P18,C,DEBUG,283,201,103604
P18,C,DEBUG,321,241,103644
P18,C,DEBUG,341,226,103683
P18,C,DEBUG,372,222,103722
P18,C,DEBUG,337,236,103760
P18,C,DEBUG,355,244,103801
P18,C,DEBUG,382,208,103840
P18,C,DEBUG,360,224,103879
P18,C,DEBUG,360,234,103913
P18,C,DEBUG,374,223,103952
P18,C,DEBUG,360,217,103991
P18,C,DEBUG,430,245,104029
P18,C,DEBUG,1249,134,104264
P18,C,DEBUG,1195,260,104290
P18,C,DEBUG,1182,263,104331
P18,C,DEBUG,1188,262,104373
P18,C,DEBUG,1206,279,104416
P18,C,DEBUG,1187,277,104452
P18,C,DEBUG,1191,287,104488
P18,C,DEBUG,1198,285,104524
P18,C,DEBUG,1209,275,104561
P18,C,DEBUG,1199,259,104596
P18,C,DEBUG,1188,272,104630
P18,C,DEBUG,1193,278,104672
P18,C,DEBUG,1099,287,104711
P18,C,DEBUG,830,473,104747
P18,C,DEBUG,415,155,104828
P18,C,DEBUG,321,240,104868
P18,C,DEBUG,244,268,104917
P18,C,DEBUG,236,245,104967
P18,C,DEBUG,219,193,105008
P18,C,DEBUG,314,247,105047
P18,C,DEBUG,282,211,105086
P18,C,DEBUG,329,210,105116
P18,C,DEBUG,314,204,105152
P18,C,DEBUG,273,224,105183
P18,C,DEBUG,209,416,105215
P18,C,DEBUG,222,417,105247
P18,C,DEBUG,254,420,105280
P18,C,DEBUG,200,432,105313
P18,C,DEBUG,220,414,105344
P18,C,DEBUG,200,422,105376
P18,C,DEBUG,205,420,105408
P18,C,DEBUG,252,415,105440
P18,C,DEBUG,205,464,105473
P18,C,DEBUG,254,458,105508
P18,C,DEBUG,375,344,106325
P18,C,DEBUG,295,158,106592
P18,C,DEBUG,366,493,106824
P18,C,DEBUG,324,500,106855
P18,C,DEBUG,332,532,106910
P18,C,DEBUG,305,530,106943
P18,C,DEBUG,340,527,106983
P18,C,DEBUG,347,501,107023
P18,C,DEBUG,362,510,107060
P18,C,DEBUG,318,494,107101
P18,C,DEBUG,341,538,107139
P18,C,DEBUG,322,490,107170
P18,C,DEBUG,360,509,107214
P18,C,DEBUG,239,451,107255
P18,C,DEBUG,274,502,107294
P18,C,DEBUG,276,475,107325
P18,C,DEBUG,308,498,107366
P18,C,DEBUG,259,447,107405
P18,C,DEBUG,311,477,107444
P18,C,DEBUG,258,478,107484
P18,C,DEBUG,296,439,107522
P18,C,DEBUG,296,372,107562
P18,C,DEBUG,299,326,107598
P18,C,DEBUG,292,335,107639
P18,C,DEBUG,364,343,107676
P18,C,DEBUG,315,346,107717
P18,C,DEBUG,395,450,107758
P18,C,DEBUG,394,377,107792
P18,C,DEBUG,415,427,107831
P18,C,DEBUG,258,101,107872
P18,C,DEBUG,452,409,107910
P18,C,DEBUG,223,359,107944
P18,C,DEBUG,272,513,107984
P18,C,DEBUG,258,537,108056
P18,C,DEBUG,223,522,108094
P18,C,DEBUG,246,528,108136
P18,C,DEBUG,276,541,108186
P18,C,DEBUG,306,504,108219
P18,C,DEBUG,252,533,108252
P18,C,DEBUG,223,480,108293
P18,C,DEBUG,285,454,108378
P18,C,DEBUG,276,509,108417
P18,C,DEBUG,237,402,108459
P18,C,DEBUG,235,441,108500
P18,C,DEBUG,224,385,108535
P18,C,DEBUG,197,399,108570
P18,C,DEBUG,192,479,108613
P18,C,DEBUG,169,367,108656
P18,C,DEBUG,261,403,108691
P18,C,DEBUG,102,323,108725
P18,C,DEBUG,221,397,108764
P18,C,DEBUG,134,316,108806
P18,C,DEBUG,254,322,108846
P18,C,DEBUG,184,262,108889
P18,C,DEBUG,283,367,108929
P18,C,DEBUG,248,325,109010
P18,C,DEBUG,301,428,109092
P18,C,DEBUG,185,322,109164
P18,C,DEBUG,90,286,109246
P18,C,DEBUG,98,286,109336
P18,C,DEBUG,51,263,109411
P18,C,DEBUG,116,319,109497
P18,C,DEBUG,111,323,109576
P18,C,DEBUG,204,169,109652
P18,C,DEBUG,185,178,109727
P18,C,DEBUG,207,194,109807
P18,C,DEBUG,237,66,109891
P18,C,DEBUG,205,65,109974
P18,C,DEBUG,235,13,110061
P18,C,DEBUG,224,126,110228
P18,C,DEBUG,176,188,110310
P18,C,DEBUG,635,465,110347
P18,C,DEBUG,290,450,110390
P18,C,DEBUG,276,436,110457
P18,C,DEBUG,286,354,110533
P18,C,DEBUG,206,352,110696
P18,C,DEBUG,202,540,110895
P18,C,DEBUG,206,531,111055
P18,C,DEBUG,241,543,111142
P18,C,DEBUG,244,519,111216
P18,C,DEBUG,263,537,111295
P18,C,DEBUG,231,405,111333
P18,C,DEBUG,279,555,111374
P18,C,DEBUG,348,553,111428
P18,C,DEBUG,279,512,111471
P18,C,DEBUG,436,573,111509
P18,C,DEBUG,350,539,111550
P18,C,DEBUG,397,565,111587
P18,C,DEBUG,336,525,111619
P18,C,DEBUG,376,513,111657
P18,C,DEBUG,398,549,111698
P18,C,DEBUG,431,547,111747
P18,C,DEBUG,415,525,111790
P18,C,DEBUG,435,554,111828
P18,C,DEBUG,397,567,111869
P18,C,DEBUG,438,567,111907
P18,C,DEBUG,432,564,111940
P18,C,DEBUG,359,444,111979
P18,C,DEBUG,260,411,112020
P18,C,DEBUG,312,451,112057
P18,C,DEBUG,230,428,112099
P18,C,DEBUG,291,482,112137
P18,C,DEBUG,168,428,112170
P18,C,DEBUG,170,411,112210
P18,C,DEBUG,129,420,112252
P18,C,DEBUG,113,399,112294
P18,C,DEBUG,112,481,112335
P18,C,DEBUG,218,446,112372
P18,C,DEBUG,276,446,112414
P18,C,DEBUG,324,482,112450
P18,C,DEBUG,270,460,112491
P18,C,DEBUG,295,463,112528
P18,C,DEBUG,278,464,112561
P18,C,DEBUG,253,501,112600
P18,C,DEBUG,322,483,112641
P18,C,DEBUG,374,489,112678
P18,C,DEBUG,321,481,112755
P18,C,DEBUG,260,477,112796
P18,C,DEBUG,298,455,112842
P18,C,DEBUG,296,469,112923
P18,C,DEBUG,259,447,112961
P18,C,DEBUG,274,434,113002
P18,C,DEBUG,64,291,113081
P18,C,DEBUG,18,205,113120
P18,C,DEBUG,59,70,113161
P18,C,DEBUG,167,165,123708
P18,C,DEBUG,266,102,124376
P18,C,DEBUG,206,244,124458
P18,C,DEBUG,180,191,124539
P18,C,DEBUG,63,133,124876
P18,C,DEBUG,71,100,124919
P18,C,DEBUG,94,214,124961
P18,C,DEBUG,130,223,125001
P18,C,DEBUG,96,247,125040
P18,C,DEBUG,33,91,125078
P18,C,DEBUG,86,185,125117
P18,C,DEBUG,87,192,125196
P18,C,DEBUG,202,193,125278
P18,C,DEBUG,222,247,125363
P18,C,DEBUG,188,263,125404
P18,C,DEBUG,138,82,125445
P18,C,DEBUG,91,136,125486
P18,C,DEBUG,118,138,125524
P18,C,DEBUG,65,69,125565
P18,C,DEBUG,97,130,125605
P18,C,DEBUG,162,215,125771
P18,C,DEBUG,259,250,125974
P18,C,DEBUG,219,296,126011
P18,C,DEBUG,251,306,126059
P18,C,DEBUG,180,213,126094
P18,C,DEBUG,455,325,129051
P18,C,DEBUG,131,174,129336
P18,C,DEBUG,103,113,129377
P18,C,DEBUG,136,176,129416
P18,C,DEBUG,129,156,129459
P18,C,DEBUG,104,144,129498
P18,C,DEBUG,168,188,129537
P18,C,DEBUG,225,229,129576
P18,C,DEBUG,220,203,129616
P18,C,DEBUG,211,195,129654
P18,C,DEBUG,286,243,129693
P18,C,DEBUG,362,200,129732
P18,C,DEBUG,361,281,129771
P18,C,DEBUG,345,239,129809
P18,C,DEBUG,388,261,129849
P18,C,DEBUG,443,260,129895
P18,C,DEBUG,446,251,129936
P18,C,DEBUG,449,261,130018
P18,C,DEBUG,480,289,130057
P18,C,DEBUG,528,287,130099
P18,C,DEBUG,527,254,130149
P18,C,DEBUG,528,327,130190
P18,C,DEBUG,513,336,130231
P18,C,DEBUG,554,291,130271
P18,C,DEBUG,529,332,130311
P18,C,DEBUG,523,346,130350
P18,C,DEBUG,535,284,130390
P18,C,DEBUG,503,325,130428
P18,C,DEBUG,342,644,131772
P18,C,DEBUG,375,468,131844
P18,C,DEBUG,324,408,131916
P18,C,DEBUG,318,442,132000
P18,C,DEBUG,336,464,132091
P18,C,DEBUG,407,485,133315
P18,C,DEBUG,438,571,133351
P18,C,DEBUG,435,444,133394
P18,C,DEBUG,493,552,133426
P18,C,DEBUG,515,450,133467
P18,C,DEBUG,550,562,133499
P18,C,DEBUG,528,513,133541
P18,C,DEBUG,523,540,133573
P18,C,DEBUG,535,478,133614
P18,C,DEBUG,567,552,133654
P18,C,DEBUG,512,471,133696
P18,C,DEBUG,510,481,133770
P18,C,DEBUG,544,495,133847
P18,C,DEBUG,586,532,133886
P18,C,DEBUG,548,458,133930
P18,C,DEBUG,132,416,134005
P18,C,DEBUG,195,584,134040
P18,C,DEBUG,122,396,134081
P18,C,DEBUG,214,504,134117
P18,C,DEBUG,121,402,134161
P18,C,DEBUG,150,470,134195
P18,C,DEBUG,125,400,134233
P18,C,DEBUG,152,357,134305
P18,C,DEBUG,173,353,134381
P18,C,DEBUG,158,291,134459
P18,C,DEBUG,251,302,139532
P18,C,DEBUG,223,322,139555
P18,C,DEBUG,167,311,139668
P18,C,DEBUG,179,271,139715
P18,C,DEBUG,141,271,139781
P18,C,DEBUG,169,307,139825
P18,C,DEBUG,135,256,139869
P18,C,DEBUG,132,237,139910
P18,C,DEBUG,862,1289,140263
P18,C,DEBUG,100,145,140365
P18,C,DEBUG,77,181,140476
P18,C,DEBUG,108,206,140583
P18,C,DEBUG,204,293,140692
P18,C,DEBUG,114,102,142959
P18,C,DEBUG,148,116,143111
P18,C,DEBUG,198,190,143147
P18,C,DEBUG,294,352,143225
P18,C,DEBUG,298,325,143303
P18,C,DEBUG,195,169,143340
P18,C,DEBUG,284,263,143454
P18,C,DEBUG,217,248,143675
P18,C,DEBUG,198,235,143710
P18,C,DEBUG,231,183,143828
P18,C,DEBUG,304,270,143942
P18,C,DEBUG,312,282,143979
P18,C,DEBUG,263,182,144058
P18,C,DEBUG,310,176,144095
P18,C,DEBUG,756,599,144206
P18,C,DEBUG,669,648,144251
P18,C,DEBUG,724,693,144330
P18,C,DEBUG,747,725,144366
P18,C,DEBUG,763,685,144410
P18,C,DEBUG,155,67,144492
P18,C,DEBUG,257,161,144569
P18,C,DEBUG,986,734,144605
P18,C,DEBUG,290,199,144646
P18,C,DEBUG,300,220,144726
P18,C,DEBUG,350,239,144804
P18,C,DEBUG,353,266,144882
P18,C,DEBUG,359,263,144964
P18,C,DEBUG,360,277,145042
P18,C,DEBUG,81,137,145120
P18,C,DEBUG,98,198,145197
P18,C,DEBUG,91,199,145277
P18,C,DEBUG,111,170,145355
P18,C,DEBUG,74,151,145434
P18,C,DEBUG,1088,1023,145515
P18,C,DEBUG,114,188,145591
P18,C,DEBUG,169,180,145628
P18,C,DEBUG,155,155,145670
P18,C,DEBUG,281,187,145751
P18,C,DEBUG,267,208,145829
P18,C,DEBUG,273,254,145908
P18,C,DEBUG,334,220,145987
P18,C,DEBUG,712,1320,146070
P18,C,DEBUG,75,171,146147
P18,C,DEBUG,52,152,146185
P18,C,DEBUG,102,225,146226
P18,C,DEBUG,78,159,146305
P18,C,DEBUG,469,1134,146384
P18,C,DEBUG,550,1155,146460
P18,C,DEBUG,87,118,146501
P18,C,DEBUG,532,1174,146542
P18,C,DEBUG,528,1140,146623
P18,C,DEBUG,505,1177,146701
P18,C,DEBUG,12,156,146779
P18,C,DEBUG,47,140,146817
P18,C,DEBUG,-12,122,146859
P18,C,DEBUG,166,198,146940
P18,C,DEBUG,406,1053,146978
P18,C,DEBUG,471,945,147018
P18,C,DEBUG,320,312,147217
P18,C,DEBUG,549,529,147255
P18,C,DEBUG,424,385,147291
P18,C,DEBUG,729,552,147369
P18,C,DEBUG,927,589,147522
P18,C,DEBUG,924,610,147600
P18,C,DEBUG,929,634,147676
P18,C,DEBUG,1052,681,147721
P18,C,DEBUG,923,650,147802
P18,C,DEBUG,937,661,147879
P18,C,DEBUG,918,629,147959
P18,C,DEBUG,277,103,148077
P18,C,DEBUG,250,28,148206
P18,C,DEBUG,265,198,150509
P18,C,DEBUG,296,216,150659
P18,C,DEBUG,256,175,150769
P18,C,DEBUG,269,232,150845
P18,C,DEBUG,259,256,150919
P18,C,DEBUG,291,248,151014
P18,C,DEBUG,195,265,151088
P18,C,DEBUG,244,304,151163
P18,C,DEBUG,256,267,151257
P18,C,DEBUG,136,274,151345
P18,C,DEBUG,183,272,151419
P18,C,DEBUG,194,320,151519
P18,C,DEBUG,199,329,151704
P18,C,DEBUG,237,393,157200
P18,C,DEBUG,255,400,157237
P18,C,DEBUG,228,385,157276
P18,C,DEBUG,195,315,157314
P18,C,DEBUG,246,369,157353
P18,C,DEBUG,242,380,157391
P18,C,DEBUG,246,391,157432
P18,C,DEBUG,261,405,157471
P18,C,DEBUG,238,394,157510
P18,C,DEBUG,201,379,157548
P18,C,DEBUG,229,373,157587
P18,C,DEBUG,229,396,157626
P18,C,DEBUG,242,392,157666
P18,C,DEBUG,305,401,157704
P18,C,DEBUG,285,394,157744
P18,C,DEBUG,315,406,157783
P18,C,DEBUG,320,411,157822
P18,C,DEBUG,304,436,157861
P18,C,DEBUG,167,435,157900
P18,C,DEBUG,151,644,157978
P18,C,DEBUG,227,365,158015
P18,C,DEBUG,228,365,158055
P18,C,DEBUG,251,365,158092
P18,C,DEBUG,253,331,158131
P18,C,DEBUG,262,363,158170
P18,C,DEBUG,235,362,158209
P18,C,DEBUG,249,368,158248
P18,C,DEBUG,250,341,158287
P18,C,DEBUG,226,372,158478
P18,C,DEBUG,227,343,158515
P18,C,DEBUG,211,329,158598
P18,C,DEBUG,168,154,158637
P18,C,DEBUG,157,208,158678
P18,C,DEBUG,115,135,158716
P18,C,DEBUG,187,192,158756
P18,C,DEBUG,99,49,158835
P18,C,DEBUG,183,570,160344
P18,C,DEBUG,224,542,160380
P18,C,DEBUG,213,553,160423
P18,C,DEBUG,191,511,160514
P18,C,DEBUG,228,520,160546
P18,C,DEBUG,146,525,160622
P18,C,DEBUG,199,497,160702
P18,C,DEBUG,156,494,160781
P18,C,DEBUG,183,422,160860
P18,C,DEBUG,175,434,160943
P18,C,DEBUG,232,473,160995
P18,C,DEBUG,244,427,161038
P18,C,DEBUG,231,462,161075
P18,C,DEBUG,257,422,161113
P18,C,DEBUG,256,461,161155
P18,C,DEBUG,278,475,161218
P18,C,DEBUG,180,420,161323
P18,C,DEBUG,262,394,161511
P18,C,DEBUG,253,413,161578
P18,C,DEBUG,208,382,161621
P18,C,DEBUG,269,371,161659
P18,C,DEBUG,205,429,161699
P18,C,DEBUG,243,346,161734
P18,C,DEBUG,211,359,161776
P18,C,DEBUG,220,399,161811
P18,C,DEBUG,208,411,161853
P18,C,DEBUG,209,411,161888
P18,C,DEBUG,197,416,161930
P18,C,DEBUG,234,441,162007
P18,C,DEBUG,290,466,162081
P18,C,DEBUG,299,486,162170
P18,C,DEBUG,252,426,162214
P18,C,DEBUG,278,421,162256
P18,C,DEBUG,290,410,162292
P18,C,DEBUG,245,465,162335
P18,C,DEBUG,140,418,162369
P18,C,DEBUG,242,468,162411
P18,C,DEBUG,201,336,162445
P18,C,DEBUG,229,479,162488
P18,C,DEBUG,275,397,162522
P18,C,DEBUG,264,413,162564
P18,C,DEBUG,270,466,162598
P18,C,DEBUG,301,471,162640
P18,C,DEBUG,123,175,162679
P18,C,DEBUG,182,301,162722
P18,C,DEBUG,141,184,162755
P18,C,DEBUG,190,277,162797
P18,C,DEBUG,174,216,162831
P18,C,DEBUG,197,295,162874
P18,C,DEBUG,247,211,162908
P18,C,DEBUG,246,307,162950
P18,C,DEBUG,220,208,162985
P18,C,DEBUG,238,276,163027
P18,C,DEBUG,258,192,163063
P18,C,DEBUG,213,278,163105
P18,C,DEBUG,70,145,163183
P18,C,DEBUG,87,171,163261
P18,C,DEBUG,95,190,163342
P18,C,DEBUG,110,247,163673
P18,C,DEBUG,173,317,163753
P18,C,DEBUG,153,264,163893
P18,C,DEBUG,303,509,164004
P18,C,DEBUG,259,449,164088
P18,C,DEBUG,316,457,164169
P18,C,DEBUG,265,447,164280
P18,C,DEBUG,273,473,164360
P18,C,DEBUG,233,484,164443
P18,C,DEBUG,235,469,164543
P18,C,DEBUG,246,496,164624
P18,C,DEBUG,243,478,164703
P18,C,DEBUG,216,485,164808
P18,C,DEBUG,185,443,164873
P18,C,DEBUG,234,374,164916
P18,C,DEBUG,223,294,164976
P18,C,DEBUG,164,287,165021
P18,C,DEBUG,255,295,165057
P18,C,DEBUG,244,400,165098
P18,C,DEBUG,237,387,165132
P18,C,DEBUG,238,414,165174
P18,C,DEBUG,274,350,165209
P18,C,DEBUG,259,412,165251
P18,C,DEBUG,237,417,165284
P18,C,DEBUG,270,428,165326
P18,C,DEBUG,358,387,165360
P18,C,DEBUG,299,440,165402
P18,C,DEBUG,299,466,165436
P18,C,DEBUG,306,438,165479
P18,C,DEBUG,352,427,165513
P18,C,DEBUG,141,387,165556
P18,C,DEBUG,127,379,165637
P18,C,DEBUG,119,433,165712
P18,C,DEBUG,204,447,165869
P18,C,DEBUG,276,466,165987
P18,C,DEBUG,172,385,166024
P18,C,DEBUG,239,369,166066
P18,C,DEBUG,275,366,166100
P18,C,DEBUG,290,411,166145
P18,C,DEBUG,276,417,166181
P18,C,DEBUG,299,418,166224
P18,C,DEBUG,305,423,166259
P18,C,DEBUG,149,469,170025
P18,C,DEBUG,197,475,170062
P18,C,DEBUG,203,446,170102
P18,C,DEBUG,198,473,170142
P18,C,DEBUG,204,467,170180
P18,C,DEBUG,144,527,170220
P18,C,DEBUG,146,509,170258
P18,C,DEBUG,140,521,170300
P18,C,DEBUG,163,492,170340
P18,C,DEBUG,130,487,170378
P18,C,DEBUG,151,500,170417
P18,C,DEBUG,140,490,170457
P18,C,DEBUG,151,507,170495
P18,C,DEBUG,137,408,170534
P18,C,DEBUG,68,349,170573
P18,C,DEBUG,107,358,170612
P18,C,DEBUG,61,349,170651
P18,C,DEBUG,20,313,170690
P18,C,DEBUG,64,324,170729
P18,C,DEBUG,80,327,170768
P18,C,DEBUG,61,360,170806
P18,C,DEBUG,95,346,170848
P18,C,DEBUG,68,311,170887
P18,C,DEBUG,78,315,170926
P18,C,DEBUG,122,347,170965
P18,C,DEBUG,162,382,171004
P18,C,DEBUG,158,401,171043
P18,C,DEBUG,163,413,171082
P18,C,DEBUG,157,412,171121
P18,C,DEBUG,154,408,171160
P18,C,DEBUG,186,399,171198
P18,C,DEBUG,105,403,171237
P18,C,DEBUG,158,399,171276
P18,C,DEBUG,134,400,171314
P18,C,DEBUG,102,386,171353
P18,C,DEBUG,120,432,171394
P18,C,DEBUG,117,393,171435
P18,C,DEBUG,181,447,173628
P18,C,DEBUG,189,469,173662
P18,C,DEBUG,179,443,173697
P18,C,DEBUG,99,345,173773
P18,C,DEBUG,70,312,173804
P18,C,DEBUG,108,551,173848
P18,C,DEBUG,189,595,173891
P18,C,DEBUG,152,561,173932
P18,C,DEBUG,142,556,173971
P18,C,DEBUG,121,502,174010
P18,C,DEBUG,103,515,174051
P18,C,DEBUG,49,277,174093
P18,C,DEBUG,17,199,174135
P18,C,DEBUG,45,251,174174
P18,C,DEBUG,45,282,174213
P18,C,DEBUG,12,230,174252
P18,C,DEBUG,1038,-375,189158
P18,C,DEBUG,310,524,212627
P18,C,DEBUG,305,514,212660
P18,C,DEBUG,308,511,212724
P18,C,DEBUG,315,515,212764
P18,C,DEBUG,293,454,212816
P18,C,DEBUG,337,434,212868
P18,C,DEBUG,308,468,212917
P18,C,DEBUG,223,386,213012
P18,C,DEBUG,235,385,213057
P18,C,DEBUG,251,354,213096
P18,C,DEBUG,257,369,213135
P18,C,DEBUG,227,383,213173
P18,C,DEBUG,252,362,213212
P18,C,DEBUG,222,407,213251
P18,C,DEBUG,152,374,213291
P18,C,DEBUG,160,377,213330
P18,C,DEBUG,252,436,213487
P18,C,DEBUG,139,349,213528
P18,C,DEBUG,141,425,213577
P18,C,DEBUG,305,502,214373
P18,C,DEBUG,282,488,214411
P18,C,DEBUG,266,500,214475
P18,C,DEBUG,230,532,214525
P18,C,DEBUG,239,482,214582
P18,C,DEBUG,262,517,214668
P18,C,DEBUG,264,517,214698
P18,C,DEBUG,276,529,214740
P18,C,DEBUG,278,541,214777
P18,C,DEBUG,340,591,214816
P18,C,DEBUG,1248,1504,215684
P18,C,DEBUG,1658,1247,215742
P18,C,DEBUG,1294,1365,238842
P18,C,DEBUG,1327,1376,238912
P18,C,DEBUG,1294,1371,238981
P18,C,DEBUG,1260,1331,239053
